{"cameraMode":{"drawMode":0,"name":"Shaded","section":"Shading Mode"},"sceneLighting":false,"audioPlay":false,"sceneViewState":{"showFog":true,"showMaterialUpdate":false,"showSkybox":false,"showFlares":true,"showImageEffects":true,"showParticleSystems":true},"in2DMode":false,"pivot":{"x":-1.0726704597473145,"y":10.514077186584473,"z":-11.057348251342774},"rotation":{"x":0.18070051074028016,"y":0.035397469997406009,"z":-0.006482967175543308,"w":0.9829114079475403},"size":0.04905680939555168,"orthographic":false}