{"cameraMode":{"drawMode":0,"name":"Shaded","section":"Shading Mode"},"sceneLighting":false,"audioPlay":false,"sceneViewState":{"showFog":true,"showMaterialUpdate":false,"showSkybox":false,"showFlares":true,"showImageEffects":true,"showParticleSystems":true},"in2DMode":false,"pivot":{"x":-3.791350841522217,"y":1.555090069770813,"z":-6.883300304412842},"rotation":{"x":0.1296844184398651,"y":-0.49429693818092348,"z":0.07488080859184265,"w":0.8563345670700073},"size":0.9464101195335388,"orthographic":false}