{"cameraMode":{"drawMode":0,"name":"Shaded","section":"Shading Mode"},"sceneLighting":false,"audioPlay":false,"sceneViewState":{"showFog":true,"showMaterialUpdate":false,"showSkybox":false,"showFlares":true,"showImageEffects":true,"showParticleSystems":true},"in2DMode":false,"pivot":{"x":-0.44762200117111208,"y":1.026673436164856,"z":-2.1249325275421144},"rotation":{"x":0.03928229957818985,"y":-0.031478166580200198,"z":0.0012261566007509828,"w":0.9987460374832153},"size":0.32546931505203249,"orthographic":false}