{"cameraMode":{"drawMode":0,"name":"Shaded","section":"Shading Mode"},"sceneLighting":false,"audioPlay":false,"sceneViewState":{"showFog":true,"showMaterialUpdate":false,"showSkybox":false,"showFlares":true,"showImageEffects":true,"showParticleSystems":true},"in2DMode":false,"pivot":{"x":-0.0006633201846852899,"y":-0.06665552407503128,"z":0.03719068318605423},"rotation":{"x":0.6448589563369751,"y":0.0023073162883520128,"z":-0.001905226381495595,"w":0.7643434405326843},"size":0.34905725717544558,"orthographic":false}