{"cameraMode":{"drawMode":0,"name":"Shaded","section":"Shading Mode"},"sceneLighting":false,"audioPlay":false,"sceneViewState":{"showFog":true,"showMaterialUpdate":false,"showSkybox":false,"showFlares":true,"showImageEffects":true,"showParticleSystems":true},"in2DMode":false,"pivot":{"x":-1.1623663902282715,"y":0.7984724044799805,"z":-2.5648107528686525},"rotation":{"x":0.06267651170492172,"y":0.9299694299697876,"z":-0.30953773856163027,"w":0.18832439184188844},"size":1.5843188762664796,"orthographic":false}