{"cameraMode":{"drawMode":0,"name":"Shaded","section":"Shading Mode"},"sceneLighting":false,"audioPlay":false,"sceneViewState":{"showFog":true,"showMaterialUpdate":false,"showSkybox":false,"showFlares":true,"showImageEffects":true,"showParticleSystems":true},"in2DMode":false,"pivot":{"x":-3.725290298461914e-9,"y":2.9802322387695315e-8,"z":0.02893022820353508},"rotation":{"x":0.4404750168323517,"y":0.025583071634173394,"z":-0.012537089176476002,"w":0.8973472714424133},"size":0.04905714839696884,"orthographic":false}