{"cameraMode":{"drawMode":0,"name":"Shaded","section":"Shading Mode"},"sceneLighting":false,"audioPlay":false,"sceneViewState":{"showFog":true,"showMaterialUpdate":false,"showSkybox":false,"showFlares":true,"showImageEffects":true,"showParticleSystems":true},"in2DMode":false,"pivot":{"x":3.4109647274017336,"y":1.5233255624771119,"z":0.8605756759643555},"rotation":{"x":-0.03400252386927605,"y":-0.9623127579689026,"z":0.14279153943061829,"w":-0.22908781468868257},"size":3.9809138774871828,"orthographic":false}