{"cameraMode":{"drawMode":0,"name":"Shaded","section":"Shading Mode"},"sceneLighting":false,"audioPlay":false,"sceneViewState":{"showFog":true,"showMaterialUpdate":false,"showSkybox":false,"showFlares":true,"showImageEffects":true,"showParticleSystems":true},"in2DMode":false,"pivot":{"x":-4.812768936157227,"y":-0.9155502319335938,"z":-3.6419594287872316},"rotation":{"x":-0.018942181020975114,"y":0.9344660639762878,"z":-0.35206717252731326,"w":-0.050220612436532977},"size":2.6404664516448976,"orthographic":false}