{"cameraMode":{"drawMode":0,"name":"Shaded","section":"Shading Mode"},"sceneLighting":false,"audioPlay":false,"sceneViewState":{"showFog":true,"showMaterialUpdate":false,"showSkybox":false,"showFlares":true,"showImageEffects":true,"showParticleSystems":true},"in2DMode":false,"pivot":{"x":0.1573287546634674,"y":-0.00020700693130493164,"z":2.29300594329834},"rotation":{"x":0.12150873988866806,"y":0.0059496499598026279,"z":-0.0007194204372353852,"w":0.9925829172134399},"size":2.3823156356811525,"orthographic":false}