{"cameraMode":{"drawMode":0,"name":"Shaded","section":"Shading Mode"},"sceneLighting":false,"audioPlay":false,"sceneViewState":{"showFog":true,"showMaterialUpdate":false,"showSkybox":false,"showFlares":true,"showImageEffects":true,"showParticleSystems":true},"in2DMode":false,"pivot":{"x":-5.661113739013672,"y":0.11295367777347565,"z":-5.005629539489746},"rotation":{"x":0.4962933361530304,"y":0.005164806731045246,"z":-0.003034194465726614,"w":0.8681765794754028},"size":0.04905737563967705,"orthographic":false}